--------------------------------------------------------
--  File created - Rabu-Juli-01-2020   
--------------------------------------------------------
--------------------------------------------------------
--  DDL for Table DETAIL_TRANSAKSI_06986
--------------------------------------------------------

  CREATE TABLE "RIFAI_06986"."DETAIL_TRANSAKSI_06986" 
   (	"ID_TRANSAKSI" NUMBER(*,0), 
	"ID_PANGSIT" NUMBER(*,0), 
	"QUANTITY" NUMBER(8,0), 
	"SUB_TOTAL" NUMBER(8,0), 
	"TANGGAL" DATE
   ) SEGMENT CREATION IMMEDIATE 
  PCTFREE 10 PCTUSED 40 INITRANS 1 MAXTRANS 255 NOCOMPRESS LOGGING
  STORAGE(INITIAL 65536 NEXT 1048576 MINEXTENTS 1 MAXEXTENTS 2147483645
  PCTINCREASE 0 FREELISTS 1 FREELIST GROUPS 1 BUFFER_POOL DEFAULT FLASH_CACHE DEFAULT CELL_FLASH_CACHE DEFAULT)
  TABLESPACE "SISTEMPANGSIT" ;
--------------------------------------------------------
--  DDL for Table KASIR_06986
--------------------------------------------------------

  CREATE TABLE "RIFAI_06986"."KASIR_06986" 
   (	"ID_KASIR" NUMBER(*,0), 
	"NAMA_KASIR" VARCHAR2(15 BYTE)
   ) SEGMENT CREATION IMMEDIATE 
  PCTFREE 10 PCTUSED 40 INITRANS 1 MAXTRANS 255 NOCOMPRESS LOGGING
  STORAGE(INITIAL 65536 NEXT 1048576 MINEXTENTS 1 MAXEXTENTS 2147483645
  PCTINCREASE 0 FREELISTS 1 FREELIST GROUPS 1 BUFFER_POOL DEFAULT FLASH_CACHE DEFAULT CELL_FLASH_CACHE DEFAULT)
  TABLESPACE "SISTEMPANGSIT" ;
--------------------------------------------------------
--  DDL for Table PANGSIT_06986
--------------------------------------------------------

  CREATE TABLE "RIFAI_06986"."PANGSIT_06986" 
   (	"ID_PANGSIT" NUMBER(*,0), 
	"HARGA" NUMBER(8,0), 
	"STOK" NUMBER(8,0)
   ) SEGMENT CREATION IMMEDIATE 
  PCTFREE 10 PCTUSED 40 INITRANS 1 MAXTRANS 255 NOCOMPRESS LOGGING
  STORAGE(INITIAL 65536 NEXT 1048576 MINEXTENTS 1 MAXEXTENTS 2147483645
  PCTINCREASE 0 FREELISTS 1 FREELIST GROUPS 1 BUFFER_POOL DEFAULT FLASH_CACHE DEFAULT CELL_FLASH_CACHE DEFAULT)
  TABLESPACE "SISTEMPANGSIT" ;
--------------------------------------------------------
--  DDL for Table PELANGGAN_06986
--------------------------------------------------------

  CREATE TABLE "RIFAI_06986"."PELANGGAN_06986" 
   (	"ID_PELANGGAN" NUMBER(*,0), 
	"NAMA_PELANGGAN" VARCHAR2(20 BYTE)
   ) SEGMENT CREATION IMMEDIATE 
  PCTFREE 10 PCTUSED 40 INITRANS 1 MAXTRANS 255 NOCOMPRESS LOGGING
  STORAGE(INITIAL 65536 NEXT 1048576 MINEXTENTS 1 MAXEXTENTS 2147483645
  PCTINCREASE 0 FREELISTS 1 FREELIST GROUPS 1 BUFFER_POOL DEFAULT FLASH_CACHE DEFAULT CELL_FLASH_CACHE DEFAULT)
  TABLESPACE "SISTEMPANGSIT" ;
--------------------------------------------------------
--  DDL for Table TRANSAKSI_06986
--------------------------------------------------------

  CREATE TABLE "RIFAI_06986"."TRANSAKSI_06986" 
   (	"ID_TRANSAKSI" NUMBER(*,0), 
	"ID_KASIR" NUMBER(*,0), 
	"ID_PELANGGAN" NUMBER(*,0), 
	"TOTAL" NUMBER(8,0), 
	"KEMBALI" NUMBER(8,0), 
	"BAYAR" NUMBER(8,0)
   ) SEGMENT CREATION IMMEDIATE 
  PCTFREE 10 PCTUSED 40 INITRANS 1 MAXTRANS 255 NOCOMPRESS LOGGING
  STORAGE(INITIAL 65536 NEXT 1048576 MINEXTENTS 1 MAXEXTENTS 2147483645
  PCTINCREASE 0 FREELISTS 1 FREELIST GROUPS 1 BUFFER_POOL DEFAULT FLASH_CACHE DEFAULT CELL_FLASH_CACHE DEFAULT)
  TABLESPACE "SISTEMPANGSIT" ;
--------------------------------------------------------
--  DDL for View LIST_KASIR
--------------------------------------------------------

  CREATE OR REPLACE FORCE VIEW "RIFAI_06986"."LIST_KASIR" ("ID_KASIR", "NAMA_KASIR") AS 
  select "ID_KASIR","NAMA_KASIR" from kasir_06986
;
REM INSERTING into RIFAI_06986.DETAIL_TRANSAKSI_06986
SET DEFINE OFF;
Insert into RIFAI_06986.DETAIL_TRANSAKSI_06986 (ID_TRANSAKSI,ID_PANGSIT,QUANTITY,SUB_TOTAL,TANGGAL) values ('11','16','20000','80000',to_date('29-05-2020','DD-MM-RRRR'));
Insert into RIFAI_06986.DETAIL_TRANSAKSI_06986 (ID_TRANSAKSI,ID_PANGSIT,QUANTITY,SUB_TOTAL,TANGGAL) values ('12','18','14000','34000',to_date('29-05-2020','DD-MM-RRRR'));
Insert into RIFAI_06986.DETAIL_TRANSAKSI_06986 (ID_TRANSAKSI,ID_PANGSIT,QUANTITY,SUB_TOTAL,TANGGAL) values ('13','19','2','32000',to_date('29-05-2020','DD-MM-RRRR'));
Insert into RIFAI_06986.DETAIL_TRANSAKSI_06986 (ID_TRANSAKSI,ID_PANGSIT,QUANTITY,SUB_TOTAL,TANGGAL) values ('14','20','40000','42000',to_date('29-05-2020','DD-MM-RRRR'));
REM INSERTING into RIFAI_06986.KASIR_06986
SET DEFINE OFF;
Insert into RIFAI_06986.KASIR_06986 (ID_KASIR,NAMA_KASIR) values ('16','intan');
Insert into RIFAI_06986.KASIR_06986 (ID_KASIR,NAMA_KASIR) values ('11','kal');
Insert into RIFAI_06986.KASIR_06986 (ID_KASIR,NAMA_KASIR) values ('12','lak');
Insert into RIFAI_06986.KASIR_06986 (ID_KASIR,NAMA_KASIR) values ('13','ada');
Insert into RIFAI_06986.KASIR_06986 (ID_KASIR,NAMA_KASIR) values ('14','aba');
Insert into RIFAI_06986.KASIR_06986 (ID_KASIR,NAMA_KASIR) values ('15','ika');
Insert into RIFAI_06986.KASIR_06986 (ID_KASIR,NAMA_KASIR) values ('1','ana');
Insert into RIFAI_06986.KASIR_06986 (ID_KASIR,NAMA_KASIR) values ('2','adi');
Insert into RIFAI_06986.KASIR_06986 (ID_KASIR,NAMA_KASIR) values ('3','ada');
Insert into RIFAI_06986.KASIR_06986 (ID_KASIR,NAMA_KASIR) values ('4','abi');
Insert into RIFAI_06986.KASIR_06986 (ID_KASIR,NAMA_KASIR) values ('5','ali');
Insert into RIFAI_06986.KASIR_06986 (ID_KASIR,NAMA_KASIR) values ('6','ber');
Insert into RIFAI_06986.KASIR_06986 (ID_KASIR,NAMA_KASIR) values ('7','san');
Insert into RIFAI_06986.KASIR_06986 (ID_KASIR,NAMA_KASIR) values ('8','ihs');
Insert into RIFAI_06986.KASIR_06986 (ID_KASIR,NAMA_KASIR) values ('9','luki');
Insert into RIFAI_06986.KASIR_06986 (ID_KASIR,NAMA_KASIR) values ('10','ila');
REM INSERTING into RIFAI_06986.PANGSIT_06986
SET DEFINE OFF;
Insert into RIFAI_06986.PANGSIT_06986 (ID_PANGSIT,HARGA,STOK) values ('1','12000','100');
Insert into RIFAI_06986.PANGSIT_06986 (ID_PANGSIT,HARGA,STOK) values ('16','14000','5000');
Insert into RIFAI_06986.PANGSIT_06986 (ID_PANGSIT,HARGA,STOK) values ('17','15000','500');
Insert into RIFAI_06986.PANGSIT_06986 (ID_PANGSIT,HARGA,STOK) values ('18','16000','700');
Insert into RIFAI_06986.PANGSIT_06986 (ID_PANGSIT,HARGA,STOK) values ('19','13000','800');
Insert into RIFAI_06986.PANGSIT_06986 (ID_PANGSIT,HARGA,STOK) values ('20','14000','1000');
REM INSERTING into RIFAI_06986.PELANGGAN_06986
SET DEFINE OFF;
Insert into RIFAI_06986.PELANGGAN_06986 (ID_PELANGGAN,NAMA_PELANGGAN) values ('11','afi');
Insert into RIFAI_06986.PELANGGAN_06986 (ID_PELANGGAN,NAMA_PELANGGAN) values ('12','ina');
Insert into RIFAI_06986.PELANGGAN_06986 (ID_PELANGGAN,NAMA_PELANGGAN) values ('13','ihsan');
Insert into RIFAI_06986.PELANGGAN_06986 (ID_PELANGGAN,NAMA_PELANGGAN) values ('14','lue');
Insert into RIFAI_06986.PELANGGAN_06986 (ID_PELANGGAN,NAMA_PELANGGAN) values ('15','wibu');
Insert into RIFAI_06986.PELANGGAN_06986 (ID_PELANGGAN,NAMA_PELANGGAN) values ('1','robi');
Insert into RIFAI_06986.PELANGGAN_06986 (ID_PELANGGAN,NAMA_PELANGGAN) values ('2','clara');
Insert into RIFAI_06986.PELANGGAN_06986 (ID_PELANGGAN,NAMA_PELANGGAN) values ('3','anang');
Insert into RIFAI_06986.PELANGGAN_06986 (ID_PELANGGAN,NAMA_PELANGGAN) values ('4','lukman');
Insert into RIFAI_06986.PELANGGAN_06986 (ID_PELANGGAN,NAMA_PELANGGAN) values ('5','wahyu');
Insert into RIFAI_06986.PELANGGAN_06986 (ID_PELANGGAN,NAMA_PELANGGAN) values ('6','farid');
Insert into RIFAI_06986.PELANGGAN_06986 (ID_PELANGGAN,NAMA_PELANGGAN) values ('7','miko');
Insert into RIFAI_06986.PELANGGAN_06986 (ID_PELANGGAN,NAMA_PELANGGAN) values ('8','emir');
Insert into RIFAI_06986.PELANGGAN_06986 (ID_PELANGGAN,NAMA_PELANGGAN) values ('9','maskot');
Insert into RIFAI_06986.PELANGGAN_06986 (ID_PELANGGAN,NAMA_PELANGGAN) values ('10','feri');
REM INSERTING into RIFAI_06986.TRANSAKSI_06986
SET DEFINE OFF;
Insert into RIFAI_06986.TRANSAKSI_06986 (ID_TRANSAKSI,ID_KASIR,ID_PELANGGAN,TOTAL,KEMBALI,BAYAR) values ('16','11','11','14000','1000','15000');
Insert into RIFAI_06986.TRANSAKSI_06986 (ID_TRANSAKSI,ID_KASIR,ID_PELANGGAN,TOTAL,KEMBALI,BAYAR) values ('17','11','12','28000','2000','30000');
Insert into RIFAI_06986.TRANSAKSI_06986 (ID_TRANSAKSI,ID_KASIR,ID_PELANGGAN,TOTAL,KEMBALI,BAYAR) values ('18','12','13','56000','44000','100000');
Insert into RIFAI_06986.TRANSAKSI_06986 (ID_TRANSAKSI,ID_KASIR,ID_PELANGGAN,TOTAL,KEMBALI,BAYAR) values ('19','13','14','14000','6000','20000');
Insert into RIFAI_06986.TRANSAKSI_06986 (ID_TRANSAKSI,ID_KASIR,ID_PELANGGAN,TOTAL,KEMBALI,BAYAR) values ('20','14','15','72000','28000','100000');
Insert into RIFAI_06986.TRANSAKSI_06986 (ID_TRANSAKSI,ID_KASIR,ID_PELANGGAN,TOTAL,KEMBALI,BAYAR) values ('1','1','1','13000','2000','15000');
Insert into RIFAI_06986.TRANSAKSI_06986 (ID_TRANSAKSI,ID_KASIR,ID_PELANGGAN,TOTAL,KEMBALI,BAYAR) values ('3','1','1','12000','3000','15000');
Insert into RIFAI_06986.TRANSAKSI_06986 (ID_TRANSAKSI,ID_KASIR,ID_PELANGGAN,TOTAL,KEMBALI,BAYAR) values ('4','1','1','15000','5000','20000');
Insert into RIFAI_06986.TRANSAKSI_06986 (ID_TRANSAKSI,ID_KASIR,ID_PELANGGAN,TOTAL,KEMBALI,BAYAR) values ('5','1','1','28000','2000','30000');
Insert into RIFAI_06986.TRANSAKSI_06986 (ID_TRANSAKSI,ID_KASIR,ID_PELANGGAN,TOTAL,KEMBALI,BAYAR) values ('6','1','1','28000','2000','30000');
Insert into RIFAI_06986.TRANSAKSI_06986 (ID_TRANSAKSI,ID_KASIR,ID_PELANGGAN,TOTAL,KEMBALI,BAYAR) values ('7','1','1','30000','20000','50000');
Insert into RIFAI_06986.TRANSAKSI_06986 (ID_TRANSAKSI,ID_KASIR,ID_PELANGGAN,TOTAL,KEMBALI,BAYAR) values ('8','1','1','24000','6000','30000');
Insert into RIFAI_06986.TRANSAKSI_06986 (ID_TRANSAKSI,ID_KASIR,ID_PELANGGAN,TOTAL,KEMBALI,BAYAR) values ('9','2','1','36000','4000','40000');
Insert into RIFAI_06986.TRANSAKSI_06986 (ID_TRANSAKSI,ID_KASIR,ID_PELANGGAN,TOTAL,KEMBALI,BAYAR) values ('10','2','1','48000','52000','100000');
Insert into RIFAI_06986.TRANSAKSI_06986 (ID_TRANSAKSI,ID_KASIR,ID_PELANGGAN,TOTAL,KEMBALI,BAYAR) values ('11','3','1','50000','50000','100000');
Insert into RIFAI_06986.TRANSAKSI_06986 (ID_TRANSAKSI,ID_KASIR,ID_PELANGGAN,TOTAL,KEMBALI,BAYAR) values ('12','3','2','17000','3000','20000');
Insert into RIFAI_06986.TRANSAKSI_06986 (ID_TRANSAKSI,ID_KASIR,ID_PELANGGAN,TOTAL,KEMBALI,BAYAR) values ('13','3','2','40000','10000','50000');
Insert into RIFAI_06986.TRANSAKSI_06986 (ID_TRANSAKSI,ID_KASIR,ID_PELANGGAN,TOTAL,KEMBALI,BAYAR) values ('14','4','2','30000','20000','500000');
Insert into RIFAI_06986.TRANSAKSI_06986 (ID_TRANSAKSI,ID_KASIR,ID_PELANGGAN,TOTAL,KEMBALI,BAYAR) values ('15','4','2','48000','52000','100000');
--------------------------------------------------------
--  DDL for Index PK_PANGSIT
--------------------------------------------------------

  CREATE UNIQUE INDEX "RIFAI_06986"."PK_PANGSIT" ON "RIFAI_06986"."PANGSIT_06986" ("ID_PANGSIT") 
  PCTFREE 10 INITRANS 2 MAXTRANS 255 COMPUTE STATISTICS 
  STORAGE(INITIAL 65536 NEXT 1048576 MINEXTENTS 1 MAXEXTENTS 2147483645
  PCTINCREASE 0 FREELISTS 1 FREELIST GROUPS 1 BUFFER_POOL DEFAULT FLASH_CACHE DEFAULT CELL_FLASH_CACHE DEFAULT)
  TABLESPACE "SISTEMPANGSIT" ;
--------------------------------------------------------
--  DDL for Index PK_PELANGGAN
--------------------------------------------------------

  CREATE UNIQUE INDEX "RIFAI_06986"."PK_PELANGGAN" ON "RIFAI_06986"."PELANGGAN_06986" ("ID_PELANGGAN") 
  PCTFREE 10 INITRANS 2 MAXTRANS 255 COMPUTE STATISTICS 
  STORAGE(INITIAL 65536 NEXT 1048576 MINEXTENTS 1 MAXEXTENTS 2147483645
  PCTINCREASE 0 FREELISTS 1 FREELIST GROUPS 1 BUFFER_POOL DEFAULT FLASH_CACHE DEFAULT CELL_FLASH_CACHE DEFAULT)
  TABLESPACE "SISTEMPANGSIT" ;
--------------------------------------------------------
--  DDL for Index PK_KASIR
--------------------------------------------------------

  CREATE UNIQUE INDEX "RIFAI_06986"."PK_KASIR" ON "RIFAI_06986"."KASIR_06986" ("ID_KASIR") 
  PCTFREE 10 INITRANS 2 MAXTRANS 255 COMPUTE STATISTICS 
  STORAGE(INITIAL 65536 NEXT 1048576 MINEXTENTS 1 MAXEXTENTS 2147483645
  PCTINCREASE 0 FREELISTS 1 FREELIST GROUPS 1 BUFFER_POOL DEFAULT FLASH_CACHE DEFAULT CELL_FLASH_CACHE DEFAULT)
  TABLESPACE "SISTEMPANGSIT" ;
--------------------------------------------------------
--  DDL for Index PK_TRANSAKSI
--------------------------------------------------------

  CREATE UNIQUE INDEX "RIFAI_06986"."PK_TRANSAKSI" ON "RIFAI_06986"."TRANSAKSI_06986" ("ID_TRANSAKSI") 
  PCTFREE 10 INITRANS 2 MAXTRANS 255 COMPUTE STATISTICS 
  STORAGE(INITIAL 65536 NEXT 1048576 MINEXTENTS 1 MAXEXTENTS 2147483645
  PCTINCREASE 0 FREELISTS 1 FREELIST GROUPS 1 BUFFER_POOL DEFAULT FLASH_CACHE DEFAULT CELL_FLASH_CACHE DEFAULT)
  TABLESPACE "SISTEMPANGSIT" ;
--------------------------------------------------------
--  Constraints for Table PELANGGAN_06986
--------------------------------------------------------

  ALTER TABLE "RIFAI_06986"."PELANGGAN_06986" ADD CONSTRAINT "PK_PELANGGAN" PRIMARY KEY ("ID_PELANGGAN")
  USING INDEX PCTFREE 10 INITRANS 2 MAXTRANS 255 COMPUTE STATISTICS 
  STORAGE(INITIAL 65536 NEXT 1048576 MINEXTENTS 1 MAXEXTENTS 2147483645
  PCTINCREASE 0 FREELISTS 1 FREELIST GROUPS 1 BUFFER_POOL DEFAULT FLASH_CACHE DEFAULT CELL_FLASH_CACHE DEFAULT)
  TABLESPACE "SISTEMPANGSIT"  ENABLE;
  ALTER TABLE "RIFAI_06986"."PELANGGAN_06986" MODIFY ("ID_PELANGGAN" NOT NULL ENABLE);
--------------------------------------------------------
--  Constraints for Table KASIR_06986
--------------------------------------------------------

  ALTER TABLE "RIFAI_06986"."KASIR_06986" ADD CONSTRAINT "PK_KASIR" PRIMARY KEY ("ID_KASIR")
  USING INDEX PCTFREE 10 INITRANS 2 MAXTRANS 255 COMPUTE STATISTICS 
  STORAGE(INITIAL 65536 NEXT 1048576 MINEXTENTS 1 MAXEXTENTS 2147483645
  PCTINCREASE 0 FREELISTS 1 FREELIST GROUPS 1 BUFFER_POOL DEFAULT FLASH_CACHE DEFAULT CELL_FLASH_CACHE DEFAULT)
  TABLESPACE "SISTEMPANGSIT"  ENABLE;
  ALTER TABLE "RIFAI_06986"."KASIR_06986" MODIFY ("ID_KASIR" NOT NULL ENABLE);
--------------------------------------------------------
--  Constraints for Table PANGSIT_06986
--------------------------------------------------------

  ALTER TABLE "RIFAI_06986"."PANGSIT_06986" ADD CONSTRAINT "PK_PANGSIT" PRIMARY KEY ("ID_PANGSIT")
  USING INDEX PCTFREE 10 INITRANS 2 MAXTRANS 255 COMPUTE STATISTICS 
  STORAGE(INITIAL 65536 NEXT 1048576 MINEXTENTS 1 MAXEXTENTS 2147483645
  PCTINCREASE 0 FREELISTS 1 FREELIST GROUPS 1 BUFFER_POOL DEFAULT FLASH_CACHE DEFAULT CELL_FLASH_CACHE DEFAULT)
  TABLESPACE "SISTEMPANGSIT"  ENABLE;
  ALTER TABLE "RIFAI_06986"."PANGSIT_06986" MODIFY ("ID_PANGSIT" NOT NULL ENABLE);
--------------------------------------------------------
--  Constraints for Table TRANSAKSI_06986
--------------------------------------------------------

  ALTER TABLE "RIFAI_06986"."TRANSAKSI_06986" ADD CONSTRAINT "PK_TRANSAKSI" PRIMARY KEY ("ID_TRANSAKSI")
  USING INDEX PCTFREE 10 INITRANS 2 MAXTRANS 255 COMPUTE STATISTICS 
  STORAGE(INITIAL 65536 NEXT 1048576 MINEXTENTS 1 MAXEXTENTS 2147483645
  PCTINCREASE 0 FREELISTS 1 FREELIST GROUPS 1 BUFFER_POOL DEFAULT FLASH_CACHE DEFAULT CELL_FLASH_CACHE DEFAULT)
  TABLESPACE "SISTEMPANGSIT"  ENABLE;
  ALTER TABLE "RIFAI_06986"."TRANSAKSI_06986" MODIFY ("ID_TRANSAKSI" NOT NULL ENABLE);
--------------------------------------------------------
--  Ref Constraints for Table DETAIL_TRANSAKSI_06986
--------------------------------------------------------

  ALTER TABLE "RIFAI_06986"."DETAIL_TRANSAKSI_06986" ADD CONSTRAINT "FK_ID_PANGSIT" FOREIGN KEY ("ID_PANGSIT")
	  REFERENCES "RIFAI_06986"."PANGSIT_06986" ("ID_PANGSIT") ENABLE;
  ALTER TABLE "RIFAI_06986"."DETAIL_TRANSAKSI_06986" ADD CONSTRAINT "FK_ID_TRANSAKSI" FOREIGN KEY ("ID_TRANSAKSI")
	  REFERENCES "RIFAI_06986"."TRANSAKSI_06986" ("ID_TRANSAKSI") ENABLE;
--------------------------------------------------------
--  Ref Constraints for Table TRANSAKSI_06986
--------------------------------------------------------

  ALTER TABLE "RIFAI_06986"."TRANSAKSI_06986" ADD CONSTRAINT "FK_ID_KASIR" FOREIGN KEY ("ID_KASIR")
	  REFERENCES "RIFAI_06986"."KASIR_06986" ("ID_KASIR") ENABLE;
  ALTER TABLE "RIFAI_06986"."TRANSAKSI_06986" ADD CONSTRAINT "FK_ID_PELANGGAN" FOREIGN KEY ("ID_PELANGGAN")
	  REFERENCES "RIFAI_06986"."PELANGGAN_06986" ("ID_PELANGGAN") ENABLE;
